,HomeTeam,AwayTeam,FTHG,FTAG,B365H,B365D,B365A,Season,League,Imp_H,Imp_D,Imp_A,Result
count,10776.0,10776.0,10776.0,10776.0,10776.0,10776.0,10776.0,10776.0,10776.0,10776.0,10776.0,10776.0,10776.0
mean,72.13418708240535,72.16267631774313,1.543244246473645,1.2568671121009651,2.787672605790646,4.068811247216036,4.376291759465479,2.4970304380103934,2.0821269487750556,0.4379918311622793,0.247356215213603,0.3146519536241177,0.8787119524870082
std,40.83732877393119,40.848494709579136,1.3031408846718457,1.1727371688341568,1.8990344262564143,1.2594006629707328,3.5105387245132373,1.7033856003233638,1.3943311696666107,0.18323064020802074,0.04898431005547581,0.16716986431595857,0.8554168342212992
min,0.0,0.0,0.0,0.0,1.03,2.0,1.07,0.0,0.0,0.04121237260014221,0.045442159216246024,0.023780596218811116,0.0
25%,37.0,37.0,1.0,0.0,1.66,3.4,2.3,1.0,1.0,0.30421072157299206,0.2224049733453063,0.1888193901485536,0.0
50%,76.0,76.0,1.0,1.0,2.25,3.6,3.3,3.0,2.0,0.4247957712638154,0.2622590875823372,0.2885143081144649,1.0
75%,108.0,108.0,2.0,2.0,3.1,4.33,5.0,4.0,3.0,0.5692631685338355,0.2804889172671714,0.4139553116424932,2.0
max,139.0,139.0,9.0,9.0,23.0,21.0,41.0,5.0,4.0,0.9264906247972491,0.4482044748785731,0.8858734297226831,2.0
