,HomeTeam,AwayTeam,FTHG,FTAG,Imp_H,Imp_D,Imp_A,Result
HomeTeam,1.0,-0.03023804127501322,-0.01579922866161188,0.007628811164076122,-0.009049226092436077,0.03573456710945057,-0.0005434349747359271,0.013550953794345158
AwayTeam,-0.03023804127501322,1.0,-0.015291294965697458,-0.0007256373061965833,-0.004601823823884003,0.039472652209240684,-0.006509227952610643,0.007977694203365972
FTHG,-0.01579922866161188,-0.015291294965697458,1.0,-0.08974502854160321,0.370893932091155,-0.2547412760242666,-0.3317592033251749,-0.6303262684532798
FTAG,0.007628811164076122,-0.0007256373061965833,-0.08974502854160321,1.0,-0.32049139950178346,0.0018919347531831446,0.350533013565604,0.6374673309182968
Imp_H,-0.009049226092436077,-0.004601823823884003,0.370893932091155,-0.32049139950178346,1.0,-0.4455840925475862,-0.9650781301981023,-0.4245711649187117
Imp_D,0.03573456710945057,0.039472652209240684,-0.2547412760242666,0.0018919347531831446,-0.4455840925475862,1.0,0.19550438538332515,0.13794651240066672
Imp_A,-0.0005434349747359271,-0.006509227952610643,-0.3317592033251749,0.350533013565604,-0.9650781301981023,0.19550438538332515,1.0,0.4247367521805592
Result,0.013550953794345158,0.007977694203365972,-0.6303262684532798,0.6374673309182968,-0.4245711649187117,0.13794651240066672,0.4247367521805592,1.0
