,HomeTeam,AwayTeam,FTHG,FTAG,Imp_H,Imp_D,Imp_A,Result
HomeTeam,1.0,-0.02999426252393061,-0.015672060863675046,0.007673133369815405,-0.00985452280456904,0.0361527445962353,0.00020777232732346816,0.012612518839914192
AwayTeam,-0.02999426252393061,1.0,-0.016281088930650865,0.0006310149810104276,-0.006518521248072555,0.04051680540130329,-0.00472749642990217,0.009680123112403205
FTHG,-0.015672060863675046,-0.016281088930650865,1.0,-0.09052758477504362,0.3725629894799774,-0.25676848149847675,-0.3331182231791686,-0.630826146409354
FTAG,0.007673133369815405,0.0006310149810104276,-0.09052758477504362,1.0,-0.32103529610530124,0.0034675644137413036,0.3508625602130549,0.6376688614710917
Imp_H,-0.00985452280456904,-0.006518521248072555,0.3725629894799774,-0.32103529610530124,1.0,-0.4471746615460026,-0.9650429435833268,-0.4257935662801208
Imp_D,0.0361527445962353,0.04051680540130329,-0.25676848149847675,0.0034675644137413036,-0.4471746615460026,1.0,0.19711560812254098,0.14012596875243227
Imp_A,0.00020777232732346816,-0.00472749642990217,-0.3331182231791686,0.3508625602130549,-0.9650429435833268,0.19711560812254098,1.0,0.42564163186305354
Result,0.012612518839914192,0.009680123112403205,-0.630826146409354,0.6376688614710917,-0.4257935662801208,0.14012596875243227,0.42564163186305354,1.0
