Model,Accuracy,F1 Score,RMSE
Logistic Regression,0.6033199771036062,0.5071623262276227,0.9386240896784207,0.9658133980420653
Random Forest,0.5867200915855753,0.5082766710919269,0.9476643036063014,0.9945999493468071
SVM,0.5804235832856325,0.43979947558620897,0.9703750648472481,1.0575666685669836
MLP,0.5924441900400687,0.4959455486770421,0.9525033137704235,0.9743983229200998
XGBoost,0.593016599885518,0.520505570913965,0.9354935599527183,0.9715833761910543
