Model,Accuracy,F1 Score,RMSE,Log Loss,Best Params
Logistic Regression,0.5472238122495707,0.408392337300245,1.004830372103598,0.9613489113095088,{'C': 0.01}
Random Forest,0.529479107040641,0.44957337315683726,1.0011428590076863,0.9985301656776495,"{'max_depth': None, 'n_estimators': 300}"
SVM,0.430452203777905,0.2006135787648393,1.1041924191567858,1.0635411242926867,"{'C': 1, 'kernel': 'rbf'}"
MLP,0.430452203777905,0.2006135787648393,1.1041924191567858,20.528583355564717,"{'alpha': 0.0005, 'hidden_layer_sizes': (128, 64)}"
XGBoost,0.5157412707498569,0.43241171277379453,1.0049713910351592,1.0039906004073844,"{'learning_rate': 0.1, 'max_depth': 5, 'n_estimators': 300}"
