Model,Accuracy,F1 Score,RMSE
Logistic Regression,0.553082191780822,0.41709972218498503,0.998713272051146
Random Forest,0.5068493150684932,0.45236778904929004,1.0067800492655925
SVM,0.5005707762557078,0.34600080888425805,1.047703833238751
