Model,Accuracy,F1 Score,RMSE
Logistic Regression,0.6010303377218088,0.4995254287059316,0.944962453438757,0.9698449223834906
Random Forest,0.5746994848311391,0.49491741864744726,0.9575957781887062,1.0120951357561125
SVM,0.430452203777905,0.2006135787648393,1.1041924191567858,1.3416956032328862
MLP,0.430452203777905,0.2006135787648393,1.1041924191567858,1.120992510154146
XGBoost,0.5918717801946194,0.5205846178990683,0.9342675992699929,0.9724203791349368
