Model,Accuracy,F1 Score,RMSE,Log Loss,Best Params
Logistic Regression,0.5455065827132227,0.40777265927735135,1.0060974111664907,0.9583646573984027,{'C': 0.1}
Random Forest,0.544361763022324,0.4213655609246986,0.9982783293399528,0.9583184372169841,"{'max_depth': 10, 'n_estimators': 1000}"
SVM,0.4310246136233543,0.2008,1.103447600912349,1.0704240170382564,"{'C': 1, 'kernel': 'rbf'}"
MLP,0.4310246136233543,0.2008,1.103447600912349,20.507951613498822,"{'alpha': 0.001, 'hidden_layer_sizes': (64, 32)}"
XGBoost,0.5563823697767601,0.42879897474734224,0.9965477045213295,0.9543583190232754,"{'learning_rate': 0.05, 'max_depth': 3, 'n_estimators': 100}"
