Model,Accuracy,F1 Score,RMSE,Log Loss,Best Params
Logistic Regression,0.5455065827132227,0.40777265927735135,1.0060974111664907,0.9583646573984027,{'C': 0.1}
Random Forest,0.5157412707498569,0.4354740111841599,1.000714745649595,0.9943479834258886,"{'max_depth': None, 'n_estimators': 100}"
SVM,0.4310246136233543,0.2008,1.103447600912349,1.0648314023714593,"{'C': 1, 'kernel': 'rbf'}"
MLP,0.4310246136233543,0.2008,1.103447600912349,20.507951613498822,"{'alpha': 0.001, 'hidden_layer_sizes': (64, 32)}"
XGBoost,0.5346307956496852,0.45245465583425065,0.9994270980175374,0.9864180469235487,"{'learning_rate': 0.1, 'max_depth': 5, 'n_estimators': 300}"
