Model,Accuracy,F1 Score,RMSE,Log Loss
Logistic Regression,0.5432169433314253,0.4057843391176725,1.0087566610133964,1.0256097205778862
Random Forest,0.529479107040641,0.44957337315683726,1.0011428590076863,1.0279152505004734
SVM,0.430452203777905,0.2006135787648393,1.1041924191567858,1.341695604056847
MLP,0.430452203777905,0.2006135787648393,1.1041924191567858,1.120992510154146
XGBoost,0.5317687464224384,0.41939105302261037,1.001000215581824,1.0216148358105874
