Model,Accuracy,F1 Score,RMSE
Logistic Regression,0.5953062392673154,0.4951155639152261,0.9436027917112183,0.9666497133165081
Random Forest,0.5758443045220378,0.49303432528313945,0.9577587038905924,0.9961559661074192
SVM,0.5804235832856325,0.43979947558620897,0.9703750648472481,1.0575575756769324
MLP,0.5884373211219233,0.5094538584186957,0.951175779793887,0.9710573903476781
XGBoost,0.6010303377218088,0.5319838372603924,0.9287794801807947,0.9706915726594862
